{"type":"ItemContainer","components":[{"type":"ItemContainer","components":[],"name":"Unnamed","locationX":0,"locationY":0,"length":2,"width":2,"height":0,"rectangle":{"x":0.0,"y":0.0,"width":50.0,"height":50.0,"opacity":0.5},"purchasePrice":0},{"type":"ItemContainer","components":[{"type":"ItemContainer","components":[{"type":"Item","marketValue":200,"name":"Unnamed","locationX":0,"locationY":0,"length":2,"width":2,"height":0,"rectangle":{"x":0.0,"y":0.0,"width":50.0,"height":50.0,"opacity":0.5},"purchasePrice":100},{"type":"Item","marketValue":200,"name":"Unnamed","locationX":0,"locationY":0,"length":2,"width":2,"height":0,"rectangle":{"x":0.0,"y":0.0,"width":50.0,"height":50.0,"opacity":0.5},"purchasePrice":100}],"name":"Unnamed","locationX":0,"locationY":0,"length":2,"width":2,"height":0,"rectangle":{"x":0.0,"y":0.0,"width":50.0,"height":50.0,"opacity":0.5},"purchasePrice":100}],"name":"Unnamed","locationX":0,"locationY":0,"length":2,"width":2,"height":0,"rectangle":{"x":0.0,"y":0.0,"width":50.0,"height":50.0,"opacity":0.5},"purchasePrice":10}],"name":"Root","locationX":0,"locationY":0,"length":32,"width":24,"height":0,"rectangle":{"x":0.0,"y":0.0,"width":600.0,"height":800.0,"opacity":0.5},"purchasePrice":0}